<?xml version="1.0" encoding="UTF-8"?>
<metadata xml:lang="es"><Esri><CreaDate>20120315</CreaDate><CreaTime>10432400</CreaTime><SyncOnce>TRUE</SyncOnce><DataProperties><itemProps><itemLocation><linkage Sync="TRUE">file://\\GABRIELSALAS\C$\CARTOGRAFIA SIG_2012\Basica Bitacora\municipios_bitacora_fi</linkage><protocol Sync="TRUE">Local Area Network</protocol></itemLocation></itemProps><copyHistory><copy source="C:\GEOSPATIAL\municipios_bitacora_fi" dest="\\GABRIELSALAS\C$\CARTOGRAFIA SIG_2012\Basica Bitacora\municipios_bitacora_fi" date="20120315" time="10432400"></copy></copyHistory></DataProperties></Esri></metadata>
