<?xml version="1.0" encoding="UTF-8"?>
<metadata xml:lang="es"><Esri><CreaDate>20120315</CreaDate><CreaTime>10430900</CreaTime><SyncOnce>TRUE</SyncOnce><DataProperties><itemProps><itemLocation><linkage Sync="TRUE">file://\\GABRIELSALAS\C$\CARTOGRAFIA SIG_2012\Basica Bitacora\limite departamental_bitacora</linkage><protocol Sync="TRUE">Local Area Network</protocol></itemLocation></itemProps><copyHistory><copy source="C:\GEOSPATIAL\limite departamental_bitacora" dest="\\GABRIELSALAS\C$\CARTOGRAFIA SIG_2012\Basica Bitacora\limite departamental_bitacora" date="20120315" time="10430900"></copy></copyHistory><lineage><Process ToolSource="C:\Program Files\ArcGIS\Desktop10.0\ArcToolbox\Toolboxes\Data Management Tools.tbx\CalculateField" Date="20141020" Time="144011">CalculateField "limite departamental_bitacora" Nombre "VAUPES" VB #</Process></lineage></DataProperties></Esri></metadata>
